com.fasterxml.jackson.databind.JavaType,<init>,(Ljava/lang/Class;ILjava/lang/Object;Ljava/lang/Object;Z)V,7
com.fasterxml.jackson.databind.deser.SettableBeanProperty,getCreatorIndex,()I,14
com.fasterxml.jackson.databind.type.TypeFactory,_collectionType,(Ljava/lang/Class;Lcom/fasterxml/jackson/databind/type/TypeBindings;Lcom/fasterxml/jackson/databind/JavaType;[Lcom/fasterxml/jackson/databind/JavaType;)Lcom/fasterxml/jackson/databind/JavaType;,28
com.fasterxml.jackson.databind.type.TypeFactory,_referenceType,(Ljava/lang/Class;Lcom/fasterxml/jackson/databind/type/TypeBindings;Lcom/fasterxml/jackson/databind/JavaType;[Lcom/fasterxml/jackson/databind/JavaType;)Lcom/fasterxml/jackson/databind/JavaType;,28
com.ibm.asyncutil.iteration.AsyncTrampoline$TrampolineInternal,unroll,(Ljava/lang/Object;Ljava/lang/Thread;Lcom/ibm/asyncutil/iteration/AsyncTrampoline$TrampolineInternal$PassBack;)V,33
io.netty.util.internal.CleanerJava6,freeDirectBuffer0,(Ljava/nio/ByteBuffer;)V,19
io.quarkus.arc.impl.BeanTypeAssignabilityRules,getUppermostTypeVariableBounds,(Ljava/lang/reflect/TypeVariable;)[Ljava/lang/reflect/Type;,7
io.quarkus.arc.impl.BeanTypeAssignabilityRules,getUppermostTypeVariableBounds,(Ljava/lang/reflect/TypeVariable;)[Ljava/lang/reflect/Type;,14
io.quarkus.arc.impl.BeanTypeAssignabilityRules,getUppermostTypeVariableBounds,(Ljava/lang/reflect/TypeVariable;)[Ljava/lang/reflect/Type;,1
io.quarkus.arc.impl.BeanTypeAssignabilityRules,lowerBoundsOfWildcardMatch,([Ljava/lang/reflect/Type;Ljava/lang/reflect/WildcardType;)Z,1
io.quarkus.arc.impl.BeanTypeAssignabilityRules,lowerBoundsOfWildcardMatch,([Ljava/lang/reflect/Type;Ljava/lang/reflect/WildcardType;)Z,5
io.quarkus.arc.impl.BeanTypeAssignabilityRules,upperBoundsOfWildcardMatch,(Ljava/lang/reflect/WildcardType;Ljava/lang/reflect/Type;)Z,1
io.quarkus.arc.impl.CovariantTypes,isAssignableFrom,(Ljava/lang/reflect/ParameterizedType;Ljava/lang/reflect/TypeVariable;)Z,1
io.quarkus.arc.impl.CovariantTypes,isAssignableFrom,(Ljava/lang/reflect/WildcardType;Ljava/lang/reflect/WildcardType;)Z,5
io.quarkus.arc.impl.CovariantTypes,isAssignableFrom,(Ljava/lang/reflect/WildcardType;Ljava/lang/reflect/WildcardType;)Z,37
io.quarkus.arc.impl.CovariantTypes,isAssignableFrom,(Ljava/lang/reflect/WildcardType;Ljava/lang/reflect/WildcardType;)Z,21
io.quarkus.arc.impl.CovariantTypes,isAssignableFrom,(Ljava/lang/reflect/WildcardType;Ljava/lang/reflect/WildcardType;)Z,1
io.quarkus.arc.impl.CovariantTypes,isAssignableFrom,(Ljava/lang/reflect/WildcardType;Ljava/lang/reflect/WildcardType;)Z,33
io.quarkus.arc.impl.CovariantTypes,isAssignableFrom,(Ljava/lang/reflect/WildcardType;Ljava/lang/reflect/WildcardType;)Z,17
io.quarkus.arc.impl.CovariantTypes,isAssignableFrom,(Ljava/lang/reflect/WildcardType;Ljava/lang/reflect/WildcardType;)Z,13
io.quarkus.arc.impl.CovariantTypes,isAssignableFrom,(Ljava/lang/reflect/WildcardType;Ljava/lang/reflect/WildcardType;)Z,25
io.quarkus.arc.impl.CovariantTypes,isAssignableFrom,(Ljava/lang/reflect/GenericArrayType;Ljava/lang/Class;)Z,7
io.quarkus.arc.impl.CovariantTypes,isAssignableFrom,(Ljava/lang/reflect/GenericArrayType;Ljava/lang/Class;)Z,4
io.quarkus.arc.impl.CovariantTypes,isAssignableFrom,(Ljava/lang/reflect/GenericArrayType;Ljava/lang/Class;)Z,1
io.quarkus.arc.impl.CovariantTypes,isAssignableFrom,(Ljava/lang/reflect/TypeVariable;Ljava/lang/reflect/TypeVariable;)Z,14
io.quarkus.arc.impl.CovariantTypes,isAssignableFrom,(Ljava/lang/reflect/TypeVariable;Ljava/lang/reflect/TypeVariable;)Z,7
io.quarkus.arc.impl.CovariantTypes,isAssignableFrom,(Ljava/lang/reflect/GenericArrayType;Ljava/lang/reflect/GenericArrayType;)Z,1
io.quarkus.arc.impl.CovariantTypes,isAssignableFrom,(Ljava/lang/reflect/GenericArrayType;Ljava/lang/reflect/GenericArrayType;)Z,3
io.quarkus.arc.impl.CovariantTypes,isAssignableFrom,(Ljava/lang/Class;Ljava/lang/reflect/ParameterizedType;)Z,3
io.quarkus.arc.impl.CovariantTypes,isAssignableFrom,(Ljava/lang/Class;Ljava/lang/reflect/GenericArrayType;)Z,5
io.quarkus.arc.impl.CovariantTypes,isAssignableFrom,(Ljava/lang/Class;Ljava/lang/reflect/GenericArrayType;)Z,8
io.quarkus.arc.impl.CovariantTypes,isAssignableFrom,(Ljava/lang/Class;Ljava/lang/reflect/GenericArrayType;)Z,10
io.quarkus.arc.impl.CovariantTypes,isAssignableFrom,(Ljava/lang/Class;Ljava/lang/reflect/TypeVariable;)Z,1
io.quarkus.arc.impl.CovariantTypes,isAssignableFrom,(Ljava/lang/reflect/WildcardType;Ljava/lang/reflect/TypeVariable;)Z,1
io.quarkus.arc.impl.CovariantTypes,isAssignableFrom,(Ljava/lang/reflect/WildcardType;Ljava/lang/reflect/TypeVariable;)Z,12
io.quarkus.arc.impl.CovariantTypes,isAssignableFrom,(Ljava/lang/reflect/WildcardType;Ljava/lang/reflect/TypeVariable;)Z,6
io.quarkus.arc.impl.CovariantTypes,isAssignableFrom,(Ljava/lang/reflect/WildcardType;Ljava/lang/reflect/Type;)Z,1
io.quarkus.arc.impl.CovariantTypes,isAssignableFrom,(Ljava/lang/reflect/WildcardType;Ljava/lang/reflect/Type;)Z,10
io.quarkus.arc.impl.CovariantTypes,isAssignableFrom,(Ljava/lang/reflect/WildcardType;Ljava/lang/reflect/Type;)Z,15
io.quarkus.arc.impl.CovariantTypes,matches,(Ljava/lang/reflect/ParameterizedType;Ljava/lang/reflect/ParameterizedType;)Z,43
io.quarkus.arc.impl.CovariantTypes,matches,(Ljava/lang/reflect/ParameterizedType;Ljava/lang/reflect/ParameterizedType;)Z,16
io.quarkus.arc.impl.CovariantTypes,matches,(Ljava/lang/reflect/ParameterizedType;Ljava/lang/reflect/ParameterizedType;)Z,13
io.quarkus.arc.impl.CovariantTypes,isAssignableFrom,(Ljava/lang/Class;Ljava/lang/Class;)Z,4
io.quarkus.arc.impl.EventImpl$Notifier,notify,(Ljava/lang/Object;Lio/quarkus/arc/impl/EventImpl$ObserverExceptionHandler;Z)V,81
io.quarkus.arc.impl.EventImpl$Notifier,notify,(Ljava/lang/Object;Lio/quarkus/arc/impl/EventImpl$ObserverExceptionHandler;Z)V,8
io.quarkus.arc.impl.EventImpl$Notifier,<init>,(Ljava/lang/Class;Ljava/util/List;Ljavax/enterprise/inject/spi/EventMetadata;)V,15
io.quarkus.arc.impl.EventTypeAssignabilityRules,matches,(Ljava/lang/reflect/ParameterizedType;Ljava/lang/reflect/ParameterizedType;)Z,3
io.quarkus.arc.impl.EventTypeAssignabilityRules,matches,(Ljava/lang/reflect/ParameterizedType;Ljava/lang/reflect/ParameterizedType;)Z,35
io.quarkus.arc.impl.EventTypeAssignabilityRules,matches,(Ljava/lang/reflect/ParameterizedType;Ljava/lang/reflect/ParameterizedType;)Z,9
io.quarkus.arc.impl.EventTypeAssignabilityRules,matches,(Ljava/lang/reflect/ParameterizedType;Ljava/lang/reflect/ParameterizedType;)Z,39
io.quarkus.arc.impl.EventTypeAssignabilityRules,matches,(Ljava/lang/reflect/ParameterizedType;Ljava/lang/reflect/ParameterizedType;)Z,12
io.quarkus.arc.impl.EventTypeAssignabilityRules,matches,(Ljava/lang/reflect/ParameterizedType;Ljava/lang/reflect/ParameterizedType;)Z,43
io.quarkus.arc.impl.EventTypeAssignabilityRules,matches,(Ljava/lang/reflect/ParameterizedType;Ljava/lang/reflect/ParameterizedType;)Z,1
io.quarkus.arc.impl.HierarchyDiscovery,discoverTypes,(Ljava/lang/reflect/Type;Z)V,67
io.quarkus.arc.impl.HierarchyDiscovery,discoverTypes,(Ljava/lang/reflect/Type;Z)V,46
io.quarkus.arc.impl.HierarchyDiscovery,discoverTypes,(Ljava/lang/reflect/Type;Z)V,77
io.quarkus.arc.impl.HierarchyDiscovery,discoverTypes,(Ljava/lang/reflect/Type;Z)V,37
io.quarkus.arc.impl.HierarchyDiscovery,discoverTypes,(Ljava/lang/reflect/Type;Z)V,79
io.quarkus.arc.impl.HierarchyDiscovery,discoverInterfaces,(Ljava/lang/Class;Z)V,4
io.quarkus.arc.impl.HierarchyDiscovery,discoverInterfaces,(Ljava/lang/Class;Z)V,1
io.quarkus.arc.impl.HierarchyDiscovery,discoverFromClass,(Ljava/lang/Class;Z)V,8
io.quarkus.arc.impl.HierarchyDiscovery,discoverFromClass,(Ljava/lang/Class;Z)V,1
io.quarkus.arc.impl.HierarchyDiscovery,discoverFromClass,(Ljava/lang/Class;Z)V,6
io.quarkus.arc.impl.HierarchyDiscovery,processAndResolveType,(Ljava/lang/reflect/Type;Ljava/lang/Class;)Ljava/lang/reflect/Type;,8
io.quarkus.arc.impl.HierarchyDiscovery,processAndResolveType,(Ljava/lang/reflect/Type;Ljava/lang/Class;)Ljava/lang/reflect/Type;,10
io.quarkus.arc.impl.InvariantTypes,isAssignableFrom,(Ljava/lang/reflect/ParameterizedType;Ljava/lang/reflect/ParameterizedType;)Z,9
io.quarkus.arc.impl.InvariantTypes,isAssignableFrom,(Ljava/lang/reflect/ParameterizedType;Ljava/lang/reflect/ParameterizedType;)Z,12
io.quarkus.arc.impl.InvariantTypes,isAssignableFrom,(Ljava/lang/reflect/GenericArrayType;Ljava/lang/reflect/GenericArrayType;)Z,3
io.quarkus.arc.impl.InvariantTypes,isAssignableFrom,(Ljava/lang/reflect/GenericArrayType;Ljava/lang/reflect/GenericArrayType;)Z,1
io.quarkus.arc.impl.Qualifiers,verifyQualifier,(Ljava/lang/Class;)V,2
io.quarkus.arc.impl.Qualifiers,invoke,(Ljava/lang/reflect/Method;Ljava/lang/Object;)Ljava/lang/Object;,10
io.quarkus.arc.impl.Qualifiers,invoke,(Ljava/lang/reflect/Method;Ljava/lang/Object;)Ljava/lang/Object;,1
io.quarkus.arc.impl.Qualifiers,invoke,(Ljava/lang/reflect/Method;Ljava/lang/Object;)Ljava/lang/Object;,5
io.quarkus.arc.impl.Qualifiers,hasQualifier,(Ljava/lang/Iterable;Ljava/lang/annotation/Annotation;Ljava/util/Map;)Z,76
io.quarkus.arc.impl.Qualifiers,hasQualifier,(Ljava/lang/Iterable;Ljava/lang/annotation/Annotation;Ljava/util/Map;)Z,4
io.quarkus.arc.impl.Qualifiers,hasQualifier,(Ljava/lang/Iterable;Ljava/lang/annotation/Annotation;Ljava/util/Map;)Z,72
io.quarkus.arc.impl.Qualifiers,hasQualifier,(Ljava/lang/Iterable;Ljava/lang/annotation/Annotation;Ljava/util/Map;)Z,58
io.quarkus.arc.impl.Qualifiers,hasQualifier,(Ljava/lang/Iterable;Ljava/lang/annotation/Annotation;Ljava/util/Map;)Z,50
io.quarkus.arc.impl.Qualifiers,hasQualifier,(Ljava/lang/Iterable;Ljava/lang/annotation/Annotation;Ljava/util/Map;)Z,42
io.quarkus.arc.impl.TypeResolver,resolveType,(Ljava/lang/reflect/GenericArrayType;)Ljava/lang/reflect/Type;,37
io.quarkus.arc.impl.TypeResolver,resolveType,(Ljava/lang/reflect/GenericArrayType;)Ljava/lang/reflect/Type;,1
io.quarkus.arc.impl.TypeResolver,resolveType,(Ljava/lang/reflect/ParameterizedType;)Ljava/lang/reflect/Type;,53
io.quarkus.arc.impl.TypeResolver,resolveType,(Ljava/lang/reflect/ParameterizedType;)Ljava/lang/reflect/Type;,1
io.quarkus.arc.impl.TypeResolver,resolveType,(Ljava/lang/reflect/ParameterizedType;)Ljava/lang/reflect/Type;,56
io.quarkus.arc.impl.Types,boxedClass,(Ljava/lang/Class;)Ljava/lang/Class;,1
io.quarkus.arc.impl.Types,getRawType,(Ljava/lang/reflect/Type;)Ljava/lang/Class;,26
io.quarkus.arc.impl.Types,getRawType,(Ljava/lang/reflect/Type;)Ljava/lang/Class;,11
io.quarkus.arc.impl.Types,getRawType,(Ljava/lang/reflect/Type;)Ljava/lang/Class;,16
io.quarkus.arc.impl.Types,getRawType,(Ljava/lang/reflect/Type;)Ljava/lang/Class;,48
io.quarkus.arc.impl.Types,getRawType,(Ljava/lang/reflect/Type;)Ljava/lang/Class;,38
io.quarkus.arc.impl.Types,getRawType,(Ljava/lang/reflect/Type;)Ljava/lang/Class;,55
io.quarkus.arc.impl.Types,getCanonicalType,(Ljava/lang/Class;)Ljava/lang/reflect/Type;,18
io.quarkus.arc.impl.Types,getCanonicalType,(Ljava/lang/Class;)Ljava/lang/reflect/Type;,1
io.quarkus.arc.impl.Types,getCanonicalType,(Ljava/lang/Class;)Ljava/lang/reflect/Type;,22
io.quarkus.arc.impl.Types,getCanonicalType,(Ljava/lang/Class;)Ljava/lang/reflect/Type;,4
io.quarkus.arc.impl.Types,getCanonicalType,(Ljava/lang/Class;)Ljava/lang/reflect/Type;,29
io.quarkus.arc.impl.Types,isRawGenericType,(Ljava/lang/reflect/Type;)Z,12
io.quarkus.arc.impl.Types,isRawGenericType,(Ljava/lang/reflect/Type;)Z,9
io.quarkus.arc.impl.Types,isRawGenericType,(Ljava/lang/reflect/Type;)Z,18
io.quarkus.resteasy.runtime.standalone.VertxHttpRequest$VertxExecutionContext$VertxHttpAsyncResponse,setTimeout,(JLjava/util/concurrent/TimeUnit;)Z,45
io.quarkus.runtime.ApplicationLifecycleManager,run,(Lio/quarkus/runtime/Application;Ljava/lang/Class;Ljava/util/function/BiConsumer;[Ljava/lang/String;)V,85
io.quarkus.runtime.ApplicationLifecycleManager,run,(Lio/quarkus/runtime/Application;Ljava/lang/Class;Ljava/util/function/BiConsumer;[Ljava/lang/String;)V,88
io.smallrye.mutiny.groups.MultiRetry,addPredicateToBackoffFactory,(Ljava/util/function/Function;)Ljava/util/function/Function;,2
io.smallrye.mutiny.helpers.ExponentialBackoff,randomExponentialBackoffFunction,(JLjava/time/Duration;Ljava/time/Duration;DLjava/util/concurrent/ScheduledExecutorService;)Ljava/util/function/Function;,15
io.smallrye.mutiny.helpers.ExponentialBackoff,randomExponentialBackoffFunctionExpireAt,(JLjava/time/Duration;Ljava/time/Duration;DLjava/util/concurrent/ScheduledExecutorService;)Ljava/util/function/Function;,15
io.smallrye.mutiny.operators.multi.MultiBufferOp$BufferOverlappingProcessor,onCompletion,()V,28
io.smallrye.mutiny.operators.multi.MultiOnRequestCall$MultiOnRequestCallOperator,request,(J)V,24
io.smallrye.mutiny.operators.multi.MultiOnRequestCall$MultiOnRequestCallOperator,request,(J)V,26
io.smallrye.mutiny.operators.multi.overflow.MultiOnOverflowDropItemsOp$MultiOnOverflowDropItemsProcessor,notifyOnOverflowCall,(Ljava/lang/Object;)V,14
io.smallrye.mutiny.operators.multi.overflow.MultiOnOverflowKeepLastOp$MultiOnOverflowLatestProcessor,notifyOnOverflowCall,(Ljava/lang/Object;)V,14
io.vertx.core.file.impl.AsyncFileImpl,doWrite,(Lio/vertx/core/buffer/Buffer;JLio/vertx/core/Handler;)Lio/vertx/core/file/AsyncFile;,17
io.vertx.core.file.impl.AsyncFileImpl,doWrite,([Ljava/nio/ByteBuffer;JLio/vertx/core/Handler;)V,34
io.vertx.core.file.impl.FileResolver,getClassLoader,()Ljava/lang/ClassLoader;,7
io.vertx.core.http.impl.Http2ServerResponseImpl,lambda$sendFile$5,(JLjava/lang/String;JLio/vertx/core/Handler;Lio/vertx/core/AsyncResult;)V,49
io.vertx.core.http.impl.HttpChannelConnector,http1xConnected,(Lio/vertx/core/http/impl/pool/ConnectionListener;Lio/vertx/core/http/HttpVersion;Lio/vertx/core/net/SocketAddress;ZLio/vertx/core/impl/ContextInternal;Lio/netty/channel/Channel;JLio/vertx/core/Promise;)V,26
io.vertx.core.http.impl.HttpChannelConnector,http1xConnected,(Lio/vertx/core/http/impl/pool/ConnectionListener;Lio/vertx/core/http/HttpVersion;Lio/vertx/core/net/SocketAddress;ZLio/vertx/core/impl/ContextInternal;Lio/netty/channel/Channel;JLio/vertx/core/Promise;)V,31
io.vertx.core.http.impl.HttpChannelConnector,http1xConnected,(Lio/vertx/core/http/impl/pool/ConnectionListener;Lio/vertx/core/http/HttpVersion;Lio/vertx/core/net/SocketAddress;ZLio/vertx/core/impl/ContextInternal;Lio/netty/channel/Channel;JLio/vertx/core/Promise;)V,19
io.vertx.core.http.impl.HttpClientImpl,getConnectionForRequest,(Lio/vertx/core/impl/ContextInternal;Lio/vertx/core/net/SocketAddress;ZLio/vertx/core/net/SocketAddress;Lio/vertx/core/Handler;)V,12
io.vertx.core.http.impl.HttpClientRequestBase,setTimeout,(J)Lio/vertx/core/http/HttpClientRequest;,22
io.vertx.core.http.impl.HttpClientRequestBase,handleException,(Ljava/lang/Throwable;)V,21
io.vertx.core.http.impl.HttpServerResponseImpl,doSendFile,(Ljava/lang/String;JJLio/vertx/core/Handler;)V,31
io.vertx.core.http.impl.VertxHttp2NetSocket,sendFile,(Ljava/lang/String;JJLio/vertx/core/Handler;)Lio/vertx/core/net/NetSocket;,25
io.vertx.core.impl.HAManager,checkQuorumWhenAdded,(Ljava/lang/String;J)V,20
io.vertx.core.impl.HAManager,checkSubs,(Ljava/lang/String;)V,19
io.vertx.core.impl.launcher.commands.Watcher,addFilesToWatchedList,(Ljava/util/List;)V,2
io.vertx.core.impl.launcher.commands.Watcher,extractRoots,(Ljava/io/File;Ljava/util/List;)Ljava/util/List;,3
io.vertx.core.net.impl.NetClientImpl,lambda$null$2,(Lio/vertx/core/net/SocketAddress;Ljava/lang/String;Lio/vertx/core/Handler;ILjava/lang/Void;)V,24
io.vertx.ext.web.handler.impl.SessionHandlerImpl,lambda$doGetSession$8,(JLio/vertx/core/Vertx;Ljava/lang/String;Lio/vertx/core/Handler;Lio/vertx/core/AsyncResult;)V,27
io.vertx.ext.web.handler.impl.TimeoutHandlerImpl,handle,(Lio/vertx/ext/web/RoutingContext;)V,12
io.vertx.ext.web.handler.sockjs.impl.EventBusBridgeImpl,checkAddAccceptedReplyAddress,(Lio/vertx/core/eventbus/Message;)V,17
io.vertx.ext.web.handler.sockjs.impl.SockJSHandlerImpl$1,nextTimeout,(Ljava/util/List;Ljava/util/Iterator;Lio/vertx/core/http/HttpServerResponse;)V,17
io.vertx.ext.web.handler.sockjs.impl.WebSocketTransport$WebSocketListener,<init>,(Lio/vertx/core/http/ServerWebSocket;Lio/vertx/ext/web/handler/sockjs/impl/SockJSSession;)V,10
io.vertx.ext.web.impl.HeaderParser,parseHeaderValue,(Ljava/lang/String;Ljava/util/function/Consumer;Ljava/util/function/Consumer;Ljava/util/function/BiConsumer;)V,28
io.vertx.ext.web.impl.ParsableHeaderValue,ensureHeaderProcessed,()V,13
io.vertx.ext.web.impl.ParsableHeaderValue,ensureHeaderProcessed,()V,15
io.vertx.ext.web.impl.ParsableHeaderValue,ensureHeaderProcessed,()V,11
javax.xml.bind.ContextFinder,firstByServiceLoaderDeprecated,(Ljava/lang/Class;Ljava/lang/ClassLoader;)Ljava/lang/String;,1
org.jboss.logging.Slf4jLocationAwareLogger,<clinit>,()V,32
org.jboss.logging.Slf4jLocationAwareLogger,<clinit>,()V,25
org.jboss.resteasy.core.ServerResponseWriter$SortableMediaType,compareTo,(Lorg/jboss/resteasy/core/ServerResponseWriter$SortableMediaType;)I,73
org.jboss.resteasy.core.ServerResponseWriter$SortableMediaType,compareTo,(Lorg/jboss/resteasy/core/ServerResponseWriter$SortableMediaType;)I,81
org.slf4j.helpers.Util,getCallingClass,()Ljava/lang/Class;,22
com.fasterxml.jackson.core.JsonParser,<clinit>,()V,1
com.fasterxml.jackson.databind.deser.BasicDeserializerFactory,hasExplicitDeserializerFor,(Lcom/fasterxml/jackson/databind/DeserializationConfig;Ljava/lang/Class;)Z,28
com.fasterxml.jackson.databind.deser.BasicDeserializerFactory,hasExplicitDeserializerFor,(Lcom/fasterxml/jackson/databind/DeserializationConfig;Ljava/lang/Class;)Z,1
com.fasterxml.jackson.databind.deser.BasicDeserializerFactory,hasExplicitDeserializerFor,(Lcom/fasterxml/jackson/databind/DeserializationConfig;Ljava/lang/Class;)Z,14
com.fasterxml.jackson.databind.deser.BasicDeserializerFactory,hasExplicitDeserializerFor,(Lcom/fasterxml/jackson/databind/DeserializationConfig;Ljava/lang/Class;)Z,4
com.fasterxml.jackson.databind.deser.BasicDeserializerFactory,hasExplicitDeserializerFor,(Lcom/fasterxml/jackson/databind/DeserializationConfig;Ljava/lang/Class;)Z,34
com.fasterxml.jackson.databind.deser.BasicDeserializerFactory,hasExplicitDeserializerFor,(Lcom/fasterxml/jackson/databind/DeserializationConfig;Ljava/lang/Class;)Z,9
com.fasterxml.jackson.databind.deser.BasicDeserializerFactory,hasExplicitDeserializerFor,(Lcom/fasterxml/jackson/databind/DeserializationConfig;Ljava/lang/Class;)Z,72
com.fasterxml.jackson.databind.deser.BasicDeserializerFactory,hasExplicitDeserializerFor,(Lcom/fasterxml/jackson/databind/DeserializationConfig;Ljava/lang/Class;)Z,22
com.fasterxml.jackson.databind.deser.BasicDeserializerFactory,hasExplicitDeserializerFor,(Lcom/fasterxml/jackson/databind/DeserializationConfig;Ljava/lang/Class;)Z,62
com.fasterxml.jackson.databind.deser.BasicDeserializerFactory,hasExplicitDeserializerFor,(Lcom/fasterxml/jackson/databind/DeserializationConfig;Ljava/lang/Class;)Z,45
com.fasterxml.jackson.databind.jdk14.JDK14Util$RecordAccessor,<init>,()V,7
com.fasterxml.jackson.databind.jdk14.JDK14Util$RecordAccessor,<init>,()V,10
com.fasterxml.jackson.databind.jdk14.JDK14Util$RecordAccessor,<init>,()V,17
com.fasterxml.jackson.databind.jdk14.JDK14Util$RecordAccessor,<init>,()V,24
io.vertx.ext.web.handler.sockjs.impl.JsonCodec,<clinit>,()V,6
com.fasterxml.jackson.databind.ser.BasicSerializerFactory,buildMapEntrySerializer,(Lcom/fasterxml/jackson/databind/SerializerProvider;Lcom/fasterxml/jackson/databind/JavaType;Lcom/fasterxml/jackson/databind/BeanDescription;ZLcom/fasterxml/jackson/databind/JavaType;Lcom/fasterxml/jackson/databind/JavaType;)Lcom/fasterxml/jackson/databind/JsonSerializer;,71
com.fasterxml.jackson.databind.util.ClassUtil,nameOf,(Ljava/lang/Class;)Ljava/lang/String;,7
com.fasterxml.jackson.databind.util.ClassUtil,nameOf,(Ljava/lang/Class;)Ljava/lang/String;,15
com.fasterxml.jackson.databind.util.ClassUtil,nameOf,(Ljava/lang/Class;)Ljava/lang/String;,21
com.fasterxml.jackson.databind.util.ClassUtil,nameOf,(Ljava/lang/Class;)Ljava/lang/String;,11
com.fasterxml.jackson.databind.util.ClassUtil,nameOf,(Ljava/lang/Class;)Ljava/lang/String;,18
com.fasterxml.jackson.databind.util.ClassUtil$EnumTypeLocator,<init>,()V,6
com.fasterxml.jackson.databind.util.ClassUtil$EnumTypeLocator,<init>,()V,6
com.fasterxml.jackson.databind.util.ClassUtil$EnumTypeLocator,<init>,()V,12
com.fasterxml.jackson.databind.util.ClassUtil$EnumTypeLocator,<init>,()V,6
com.fasterxml.jackson.databind.util.ClassUtil$EnumTypeLocator,<init>,()V,6
com.ibm.asyncutil.locks.PlatformDependent$AlternativeHolder$UnsafeAlternative$1,run,()Ljava/lang/Object;,9
io.netty.handler.codec.compression.ByteBufChecksum,<clinit>,()V,3
io.netty.handler.codec.compression.ByteBufChecksum,<clinit>,()V,3
io.netty.handler.codec.http.websocketx.extensions.WebSocketClientExtensionHandler,channelRead,(Lio/netty/channel/ChannelHandlerContext;Ljava/lang/Object;)V,112
io.netty.handler.codec.http.websocketx.extensions.WebSocketClientExtensionHandler,channelRead,(Lio/netty/channel/ChannelHandlerContext;Ljava/lang/Object;)V,122
io.netty.handler.codec.protobuf.ProtobufDecoder,<clinit>,()V,6
io.netty.handler.ssl.Conscrypt,canInstanceProvider,()Z,4
io.netty.handler.ssl.Conscrypt,canInstanceProvider,()Z,7
io.netty.handler.ssl.Conscrypt,loadIsConscryptEngine,()Ljava/lang/reflect/Method;,4
io.netty.handler.ssl.Conscrypt,loadIsConscryptEngine,()Ljava/lang/reflect/Method;,14
io.netty.handler.ssl.JdkAlpnSslUtils,<clinit>,()V,53
io.netty.handler.ssl.JdkAlpnSslUtils,<clinit>,()V,83
io.netty.handler.ssl.JdkAlpnSslUtils,<clinit>,()V,36
io.netty.handler.ssl.JdkAlpnSslUtils,<clinit>,()V,71
io.netty.handler.ssl.JdkAlpnSslUtils,<clinit>,()V,24
io.netty.handler.ssl.JdkAlpnSslUtils$3,run,()Ljava/lang/reflect/Method;,8
io.netty.handler.ssl.JdkAlpnSslUtils$4,run,()Ljava/lang/reflect/Method;,8
io.netty.handler.ssl.JettyAlpnSslEngine,initAvailable,()Z,6
io.netty.handler.ssl.JettyNpnSslEngine,updateAvailability,()V,6
io.netty.handler.ssl.OpenSsl,loadTcNative,()V,121
io.netty.resolver.dns.DnsServerAddressStreamProviders,<clinit>,()V,33
io.netty.resolver.dns.DnsServerAddressStreamProviders,<clinit>,()V,22
io.netty.resolver.dns.DnsServerAddressStreamProviders,<clinit>,()V,38
io.netty.resolver.dns.DnsServerAddressStreamProviders,<clinit>,()V,28
io.netty.resolver.dns.DnsServerAddressStreamProviders$1,run,()Ljava/lang/Object;,4
io.netty.buffer.AdvancedLeakAwareByteBuf,<clinit>,()V,27
io.netty.buffer.AdvancedLeakAwareByteBuf,<clinit>,()V,27
io.netty.buffer.AdvancedLeakAwareByteBuf,<clinit>,()V,27
io.netty.buffer.AbstractByteBufAllocator,<clinit>,()V,7
io.netty.util.ResourceLeakDetectorFactory$DefaultResourceLeakDetectorFactory,<init>,()V,28
io.netty.util.ResourceLeakDetectorFactory$DefaultResourceLeakDetectorFactory,<init>,()V,28
io.netty.util.ResourceLeakDetectorFactory$DefaultResourceLeakDetectorFactory,<init>,()V,28
io.netty.util.ResourceLeakDetectorFactory$DefaultResourceLeakDetectorFactory,<init>,()V,24
io.netty.util.ResourceLeakDetectorFactory$DefaultResourceLeakDetectorFactory,<init>,()V,24
io.netty.util.ResourceLeakDetectorFactory$DefaultResourceLeakDetectorFactory,<init>,()V,24
io.netty.util.internal.CleanerJava6,<clinit>,()V,50
io.netty.util.internal.CleanerJava6,<clinit>,()V,37
io.netty.util.internal.CleanerJava6,<clinit>,()V,44
io.netty.util.internal.NativeLibraryLoader$2,run,()Ljava/lang/Class;,24
io.netty.util.internal.NativeLibraryLoader$2,run,()Ljava/lang/Class;,20
io.netty.util.internal.PlatformDependent0,<clinit>,()V,201
io.netty.util.internal.PlatformDependent0,<clinit>,()V,354
io.netty.util.internal.PlatformDependent0$1,run,()Ljava/lang/Object;,14
io.netty.util.internal.PlatformDependent0$5,run,()Ljava/lang/Object;,59
io.netty.util.internal.PlatformDependent0$6,run,()Ljava/lang/Object;,15
io.netty.buffer.AbstractReferenceCountedByteBuf,<clinit>,()V,2
io.netty.util.internal.logging.Log4J2Logger$1,run,()Ljava/lang/Boolean;,12
io.netty.util.internal.shaded.org.jctools.util.UnsafeAccess,hasGetAndSetSupport,()Z,16
io.netty.util.internal.shaded.org.jctools.util.UnsafeAccess,hasGetAndAddLongSupport,()Z,16
io.netty.util.internal.shaded.org.jctools.util.UnsafeAccess,getUnsafe,()Lsun/misc/Unsafe;,9
io.netty.util.internal.shaded.org.jctools.queues.BaseLinkedQueueProducerNodeRef,<clinit>,()V,2
io.quarkus.arc.Arc,initialize,()Lio/quarkus/arc/ArcContainer;,7
io.quarkus.arc.Arc,initialize,()Lio/quarkus/arc/ArcContainer;,7
io.quarkus.arc.Arc,initialize,()Lio/quarkus/arc/ArcContainer;,7
io.quarkus.arc.runtime.ArcRecorder,handleLifecycleEvents,(Lio/quarkus/runtime/ShutdownContext;Lio/quarkus/runtime/LaunchMode;Z)V,37
io.quarkus.arc.runtime.InterceptedStaticMethodsRecorder,callInitializer,()V,11
io.quarkus.bootstrap.runner.DevModeMediator,doStart,(Ljava/nio/file/Path;Ljava/nio/file/Path;)Ljava/io/Closeable;,46
io.quarkus.bootstrap.runner.DevModeMediator,doStart,(Ljava/nio/file/Path;Ljava/nio/file/Path;)Ljava/io/Closeable;,38
io.quarkus.bootstrap.runner.QuarkusEntryPoint,doRun,(Ljava/lang/Object;)V,104
io.quarkus.bootstrap.runner.QuarkusEntryPoint,doRun,(Ljava/lang/Object;)V,112
io.quarkus.bootstrap.runner.QuarkusEntryPoint,doRun,(Ljava/lang/Object;)V,30
io.quarkus.bootstrap.runner.QuarkusEntryPoint,doReaugment,(Ljava/nio/file/Path;)V,38
io.quarkus.bootstrap.runner.QuarkusEntryPoint,doReaugment,(Ljava/nio/file/Path;)V,46
io.quarkus.bootstrap.runner.RunnerClassLoader,findResource,(Ljava/lang/String;)Ljava/net/URL;,47
io.quarkus.bootstrap.runner.RunnerClassLoader,findResources,(Ljava/lang/String;)Ljava/util/Enumeration;,54
io.quarkus.bootstrap.runner.QuarkusEntryPoint,doRun,(Ljava/lang/Object;)V,94
io.quarkus.resteasy.runtime.standalone.VertxHttpRequest$VertxExecutionContext,executeBlockingIo,(Lorg/jboss/resteasy/spi/RunnableWithException;Z)Ljava/util/concurrent/CompletionStage;,40
io.quarkus.runtime.CleanableExecutor,<clinit>,()V,4
io.quarkus.runtime.CleanableExecutor$3,run,()Lsun/misc/Unsafe;,9
io.quarkus.runtime.Quarkus,run,(Ljava/lang/Class;Ljava/util/function/BiConsumer;[Ljava/lang/String;)V,12
io.quarkus.runtime.ResourceHelper,registerResources,(Ljava/lang/String;)V,15
io.quarkus.runtime.ResourceHelper,registerResources,(Ljava/lang/String;)V,1
io.quarkus.runtime.appcds.AppCDSUtil,loadGeneratedClasses,()V,23
io.quarkus.vertx.http.runtime.VertxHttpRecorder,startServerAfterFailedStart,()V,16
io.quarkus.vertx.http.runtime.VertxHttpRecorder,startServerAfterFailedStart,()V,16
io.quarkus.vertx.http.runtime.VertxHttpRecorder,startServerAfterFailedStart,()V,64
io.quarkus.runtime.configuration.QuarkusPropertiesConfigSourceProvider,urlToMap,(Ljava/net/URL;)Ljava/util/Map;,6
io.quarkus.runtime.logging.LoggingSetupRecorder,configureFileHandler,(Lio/quarkus/runtime/logging/FileConfig;Ljava/util/logging/ErrorManager;Ljava/util/List;)Ljava/util/logging/Handler;,31
io.quarkus.vertx.core.runtime.graal.JacksonMissingSelector,getAsBoolean,()Z,1
io.quarkus.vertx.http.runtime.devmode.ArcDevRecorder$2,handle,(Lio/vertx/ext/web/RoutingContext;)V,175
io.quarkus.vertx.http.runtime.devmode.ArcDevRecorder$2,handle,(Lio/vertx/ext/web/RoutingContext;)V,110
io.quarkus.vertx.http.runtime.devmode.ArcDevRecorder$2,handle,(Lio/vertx/ext/web/RoutingContext;)V,62
io.quarkus.vertx.http.runtime.devmode.ArcDevRecorder$2,handle,(Lio/vertx/ext/web/RoutingContext;)V,196
io.quarkus.vertx.http.runtime.devmode.ArcDevRecorder$2,handle,(Lio/vertx/ext/web/RoutingContext;)V,72
io.quarkus.vertx.http.runtime.devmode.ArcDevRecorder$2,handle,(Lio/vertx/ext/web/RoutingContext;)V,135
io.quarkus.vertx.http.runtime.devmode.ArcDevRecorder$2,handle,(Lio/vertx/ext/web/RoutingContext;)V,117
io.quarkus.vertx.http.runtime.devmode.ArcDevRecorder$3,handle,(Lio/vertx/ext/web/RoutingContext;)V,29
io.quarkus.vertx.http.runtime.devmode.ArcDevRecorder$3,handle,(Lio/vertx/ext/web/RoutingContext;)V,36
io.quarkus.vertx.http.runtime.devmode.ArcDevRecorder$4,handle,(Lio/vertx/ext/web/RoutingContext;)V,55
io.quarkus.vertx.http.runtime.devmode.ArcDevRecorder$4,handle,(Lio/vertx/ext/web/RoutingContext;)V,103
io.smallrye.common.classloader.ClassDefiner$1,run,()Lsun/misc/Unsafe;,9
io.smallrye.config.common.utils.ConfigSourceUtil,urlToMap,(Ljava/net/URL;)Ljava/util/Map;,6
io.smallrye.mutiny.groups.MultiConcat,streams,(Ljava/lang/Iterable;)Lio/smallrye/mutiny/Multi;,9
io.smallrye.mutiny.groups.MultiMerge,streams,(Ljava/lang/Iterable;)Lio/smallrye/mutiny/Multi;,9
io.smallrye.mutiny.groups.MultiTransform,byMergingWith,(Ljava/lang/Iterable;)Lio/smallrye/mutiny/Multi;,17
io.quarkus.vertx.http.runtime.security.FormAuthenticationMechanism,authenticate,(Lio/vertx/ext/web/RoutingContext;Lio/quarkus/security/identity/IdentityProviderManager;)Lio/smallrye/mutiny/Uni;,44
io.quarkus.vertx.http.runtime.security.FormAuthenticationMechanism,authenticate,(Lio/vertx/ext/web/RoutingContext;Lio/quarkus/security/identity/IdentityProviderManager;)Lio/smallrye/mutiny/Uni;,44
io.smallrye.mutiny.infrastructure.Infrastructure,reloadUniInterceptors,()V,12
io.smallrye.mutiny.infrastructure.Infrastructure,reloadMultiInterceptors,()V,12
io.smallrye.mutiny.infrastructure.Infrastructure,reloadCallbackDecorators,()V,12
io.smallrye.mutiny.groups.MultiGroupIntoLists,every,(Ljava/time/Duration;)Lio/smallrye/mutiny/Multi;,9
io.smallrye.mutiny.operators.multi.MultiBufferWithTimeoutOp,subscribe,(Lio/smallrye/mutiny/subscription/MultiSubscriber;)V,14
io.smallrye.mutiny.operators.multi.MultiCombineLatestOp,subscribe,(Lio/smallrye/mutiny/subscription/MultiSubscriber;)V,14
io.smallrye.mutiny.operators.uni.UniMemoizeOp,drain,()V,86
io.smallrye.mutiny.operators.uni.UniMemoizeOp,drain,()V,75
io.smallrye.mutiny.operators.uni.UniOrCombination,subscribe,(Lio/smallrye/mutiny/subscription/UniSubscriber;)V,37
io.smallrye.mutiny.operators.uni.UniOrCombination,subscribe,(Lio/smallrye/mutiny/subscription/UniSubscriber;)V,42
io.smallrye.mutiny.operators.uni.UniSubscribeToCompletionStage,subscribe,(Lio/smallrye/mutiny/Uni;)Ljava/util/concurrent/CompletableFuture;,16
io.smallrye.mutiny.operators.uni.UniSubscribeToCompletionStage,subscribe,(Lio/smallrye/mutiny/Uni;)Ljava/util/concurrent/CompletableFuture;,21
io.smallrye.mutiny.operators.uni.builders.UniCreateFromCompletionStageWithState,subscribe,(Lio/smallrye/mutiny/subscription/UniSubscriber;)V,37
io.vertx.core.DeploymentOptionsConverter,fromJson,(Ljava/lang/Iterable;Lio/vertx/core/DeploymentOptions;)V,128
io.vertx.core.DeploymentOptionsConverter,fromJson,(Ljava/lang/Iterable;Lio/vertx/core/DeploymentOptions;)V,171
io.vertx.core.DeploymentOptionsConverter,toJson,(Lio/vertx/core/DeploymentOptions;Ljava/util/Map;)V,50
io.vertx.core.DeploymentOptionsConverter,toJson,(Lio/vertx/core/DeploymentOptions;Ljava/util/Map;)V,19
io.vertx.core.Future,<clinit>,()V,1
io.vertx.core.Starter,main,([Ljava/lang/String;)V,86
io.vertx.core.Starter,main,([Ljava/lang/String;)V,72
io.vertx.core.Starter,startVertx,(ZZLio/vertx/core/impl/Args;)Lio/vertx/core/Vertx;,137
io.vertx.core.Starter$1,run,()V,9
io.vertx.core.Vertx_7c31d5064e6d5db248fafa10f188ca6323f3f983_Synthetic_Bean,<init>,()V,12
io.vertx.core.cli.OptionConverter,fromJson,(Ljava/lang/Iterable;Lio/vertx/core/cli/Option;)V,134
io.vertx.core.cli.OptionConverter,toJson,(Lio/vertx/core/cli/Option;Ljava/util/Map;)V,19
io.vertx.core.datagram.impl.DatagramSocketImpl,create,(Lio/vertx/core/impl/VertxInternal;Lio/vertx/core/datagram/DatagramSocketOptions;)Lio/vertx/core/datagram/impl/DatagramSocketImpl;,7
io.vertx.core.dns.AddressResolverOptionsConverter,toJson,(Lio/vertx/core/dns/AddressResolverOptions;Ljava/util/Map;)V,101
io.vertx.core.dns.AddressResolverOptionsConverter,toJson,(Lio/vertx/core/dns/AddressResolverOptions;Ljava/util/Map;)V,118
io.vertx.core.dns.AddressResolverOptionsConverter,fromJson,(Ljava/lang/Iterable;Lio/vertx/core/dns/AddressResolverOptions;)V,275
io.vertx.core.dns.AddressResolverOptionsConverter,fromJson,(Ljava/lang/Iterable;Lio/vertx/core/dns/AddressResolverOptions;)V,294
io.vertx.core.dns.impl.DnsClientImpl,lambda$lookupList$3,(Ljava/lang/String;[Lio/netty/handler/codec/dns/DnsRecordType;Lio/vertx/core/Handler;)V,7
io.vertx.core.dns.impl.DnsClientImpl,lambda$lookupList$3,(Ljava/lang/String;[Lio/netty/handler/codec/dns/DnsRecordType;Lio/vertx/core/Handler;)V,7
io.vertx.core.dns.impl.decoder.RecordDecoder,<clinit>,()V,8
io.vertx.core.eventbus.DeliveryOptions,toJson,()Lio/vertx/core/json/JsonObject;,31
io.vertx.core.eventbus.EventBusOptionsConverter,fromJson,(Ljava/lang/Iterable;Lio/vertx/core/eventbus/EventBusOptions;)V,468
io.vertx.core.eventbus.EventBusOptionsConverter,toJson,(Lio/vertx/core/eventbus/EventBusOptions;Ljava/util/Map;)V,71
io.vertx.core.eventbus.EventBusOptionsConverter,toJson,(Lio/vertx/core/eventbus/EventBusOptions;Ljava/util/Map;)V,105
io.vertx.core.eventbus.EventBusOptionsConverter,toJson,(Lio/vertx/core/eventbus/EventBusOptions;Ljava/util/Map;)V,88
io.vertx.core.eventbus.EventBusOptionsConverter,toJson,(Lio/vertx/core/eventbus/EventBusOptions;Ljava/util/Map;)V,122
io.vertx.core.eventbus.impl.clustered.ClusteredEventBus,sendRemote,(Lio/vertx/core/net/impl/ServerID;Lio/vertx/core/eventbus/impl/MessageImpl;)V,29
io.vertx.core.http.HttpClientOptionsConverter,fromJson,(Ljava/lang/Iterable;Lio/vertx/core/http/HttpClientOptions;)V,333
io.vertx.core.http.HttpClientOptionsConverter,toJson,(Lio/vertx/core/http/HttpClientOptions;Ljava/util/Map;)V,10
io.vertx.core.http.HttpServerOptionsConverter,fromJson,(Ljava/lang/Iterable;Lio/vertx/core/http/HttpServerOptions;)V,551
io.vertx.core.http.HttpServerOptionsConverter,fromJson,(Ljava/lang/Iterable;Lio/vertx/core/http/HttpServerOptions;)V,254
io.vertx.core.http.HttpServerOptionsConverter,toJson,(Lio/vertx/core/http/HttpServerOptions;Ljava/util/Map;)V,198
io.vertx.core.http.HttpServerOptionsConverter,toJson,(Lio/vertx/core/http/HttpServerOptions;Ljava/util/Map;)V,17
io.vertx.core.http.WebSocketConnectOptionsConverter,toJson,(Lio/vertx/core/http/WebSocketConnectOptions;Ljava/util/Map;)V,10
io.vertx.core.http.WebSocketConnectOptionsConverter,fromJson,(Ljava/lang/Iterable;Lio/vertx/core/http/WebSocketConnectOptions;)V,46
io.vertx.core.http.impl.Http1xClientConnection,upgrade,(Lio/vertx/core/http/impl/Http1xClientConnection$StreamImpl;)Lio/vertx/core/net/NetSocket;,78
io.vertx.core.http.impl.Http1xUpgradeToH2CHandler,channelRead,(Lio/netty/channel/ChannelHandlerContext;Ljava/lang/Object;)V,219
io.vertx.core.http.impl.Http2ServerConnection$1,handle,(Lio/vertx/core/AsyncResult;)V,80
io.vertx.core.http.impl.HttpUtils,encodeSettings,(Lio/vertx/core/http/Http2Settings;)Ljava/lang/String;,5
io.vertx.core.http.impl.HttpUtils,toVertxSettings,(Lio/netty/handler/codec/http2/Http2Settings;)Lio/vertx/core/http/Http2Settings;,66
io.vertx.core.http.impl.VertxHttp2NetSocket,sendFile,(Ljava/lang/String;JJLio/vertx/core/Handler;)Lio/vertx/core/net/NetSocket;,88
io.vertx.core.http.impl.pool.Pool,toString,()Ljava/lang/String;,17
io.vertx.core.http.impl.pool.Pool,toString,()Ljava/lang/String;,28
io.vertx.core.http.impl.pool.Pool,nextTask,()Ljava/lang/Runnable;,66
io.vertx.core.impl.CompositeFutureImpl,<clinit>,()V,0
io.vertx.core.CompositeFuture,all,(Lio/vertx/core/Future;Lio/vertx/core/Future;Lio/vertx/core/Future;Lio/vertx/core/Future;)Lio/vertx/core/CompositeFuture;,18
io.vertx.core.impl.DeploymentManager,deployVerticle,(Ljava/util/function/Supplier;Lio/vertx/core/DeploymentOptions;Lio/vertx/core/Handler;)V,115
io.vertx.core.impl.HAManager,simulateKill,()V,14
io.vertx.core.impl.IsolatingClassLoader,isIsolatedClass,(Ljava/lang/String;)Z,50
io.vertx.core.impl.IsolatingClassLoader,isVertxOrSystemClass,(Ljava/lang/String;)Z,31
io.vertx.core.impl.ContextImpl,<init>,(Lio/vertx/core/impl/VertxInternal;Lio/netty/channel/EventLoop;Lio/vertx/core/impl/WorkerPool;Lio/vertx/core/impl/WorkerPool;Ljava/lang/String;Lio/vertx/core/json/JsonObject;Ljava/lang/ClassLoader;)V,39
io.vertx.core.impl.launcher.ServiceCommandFactoryLoader,lookup,()Ljava/util/Collection;,11
io.vertx.core.impl.launcher.VertxCommandLauncher,<init>,()V,3
io.vertx.core.impl.launcher.VertxCommandLauncher,printGlobalUsage,()V,34
io.vertx.core.Launcher,executeCommand,(Ljava/lang/String;[Ljava/lang/String;)V,2
io.vertx.core.impl.launcher.commands.BareCommand,startVertx,()Lio/vertx/core/Vertx;,177
io.vertx.core.impl.launcher.commands.StartCommand,run,()V,66
io.vertx.core.json.pointer.impl.JsonPointerImpl,tracedQuery,(Ljava/lang/Object;Lio/vertx/core/json/pointer/JsonPointerIterator;)Ljava/util/List;,24
io.vertx.core.net.JdkSSLEngineOptions,isAlpnAvailable,()Z,8
io.vertx.core.net.PemKeyCertOptionsConverter,toJson,(Lio/vertx/core/net/PemKeyCertOptions;Ljava/util/Map;)V,44
io.vertx.core.net.PemKeyCertOptionsConverter,toJson,(Lio/vertx/core/net/PemKeyCertOptions;Ljava/util/Map;)V,61
io.vertx.core.net.PemKeyCertOptionsConverter,toJson,(Lio/vertx/core/net/PemKeyCertOptions;Ljava/util/Map;)V,10
io.vertx.core.net.PemKeyCertOptionsConverter,toJson,(Lio/vertx/core/net/PemKeyCertOptions;Ljava/util/Map;)V,27
io.vertx.core.net.PemKeyCertOptionsConverter,fromJson,(Ljava/lang/Iterable;Lio/vertx/core/net/PemKeyCertOptions;)V,132
io.vertx.core.net.PemKeyCertOptionsConverter,fromJson,(Ljava/lang/Iterable;Lio/vertx/core/net/PemKeyCertOptions;)V,195
io.vertx.core.net.PemKeyCertOptionsConverter,fromJson,(Ljava/lang/Iterable;Lio/vertx/core/net/PemKeyCertOptions;)V,99
io.vertx.core.net.PemKeyCertOptionsConverter,fromJson,(Ljava/lang/Iterable;Lio/vertx/core/net/PemKeyCertOptions;)V,162
io.vertx.core.net.PemTrustOptionsConverter,toJson,(Lio/vertx/core/net/PemTrustOptions;Ljava/util/Map;)V,27
io.vertx.core.net.PemTrustOptionsConverter,toJson,(Lio/vertx/core/net/PemTrustOptions;Ljava/util/Map;)V,10
io.vertx.core.net.TCPSSLOptionsConverter,fromJson,(Ljava/lang/Iterable;Lio/vertx/core/net/TCPSSLOptions;)V,240
io.vertx.core.net.TCPSSLOptionsConverter,toJson,(Lio/vertx/core/net/TCPSSLOptions;Ljava/util/Map;)V,44
io.vertx.core.net.TCPSSLOptionsConverter,toJson,(Lio/vertx/core/net/TCPSSLOptions;Ljava/util/Map;)V,61
io.vertx.core.net.TCPSSLOptionsConverter,toJson,(Lio/vertx/core/net/TCPSSLOptions;Ljava/util/Map;)V,10
io.vertx.core.net.TCPSSLOptionsConverter,toJson,(Lio/vertx/core/net/TCPSSLOptions;Ljava/util/Map;)V,27
io.vertx.core.http.impl.Http1xServerConnection,createNetSocket,()Lio/vertx/core/net/NetSocket;,66
io.vertx.core.net.impl.transport.EpollTransport,serverChannelFactory,(Z)Lio/netty/channel/ChannelFactory;,4
io.vertx.core.net.impl.transport.EpollTransport,serverChannelFactory,(Z)Lio/netty/channel/ChannelFactory;,2
io.vertx.core.net.impl.transport.EpollTransport,channelFactory,(Z)Lio/netty/channel/ChannelFactory;,4
io.vertx.core.net.impl.transport.EpollTransport,channelFactory,(Z)Lio/netty/channel/ChannelFactory;,2
io.vertx.core.net.impl.transport.KQueueTransport,channelFactory,(Z)Lio/netty/channel/ChannelFactory;,2
io.vertx.core.net.impl.transport.KQueueTransport,channelFactory,(Z)Lio/netty/channel/ChannelFactory;,4
io.vertx.core.net.impl.transport.KQueueTransport,serverChannelFactory,(Z)Lio/netty/channel/ChannelFactory;,4
io.vertx.core.net.impl.transport.KQueueTransport,serverChannelFactory,(Z)Lio/netty/channel/ChannelFactory;,2
io.vertx.core.shareddata.impl.LocalAsyncLocks,acquire,(Lio/vertx/core/Context;Ljava/lang/String;JLio/vertx/core/Handler;)V,13
io.vertx.core.shareddata.impl.LocalAsyncMapImpl,entries,(Lio/vertx/core/Handler;)V,10
io.vertx.ext.auth.JWTOptionsConverter,fromJson,(Ljava/lang/Iterable;Lio/vertx/ext/auth/JWTOptions;)V,240
io.vertx.ext.auth.JWTOptionsConverter,fromJson,(Ljava/lang/Iterable;Lio/vertx/ext/auth/JWTOptions;)V,127
io.vertx.ext.auth.JWTOptionsConverter,toJson,(Lio/vertx/ext/auth/JWTOptions;Ljava/util/Map;)V,82
io.vertx.ext.auth.JWTOptionsConverter,toJson,(Lio/vertx/ext/auth/JWTOptions;Ljava/util/Map;)V,19
io.vertx.ext.bridge.BridgeOptionsConverter,toJson,(Lio/vertx/ext/bridge/BridgeOptions;Ljava/util/Map;)V,27
io.vertx.ext.bridge.BridgeOptionsConverter,toJson,(Lio/vertx/ext/bridge/BridgeOptions;Ljava/util/Map;)V,10
io.vertx.ext.bridge.BridgeOptionsConverter,fromJson,(Ljava/lang/Iterable;Lio/vertx/ext/bridge/BridgeOptions;)V,65
io.vertx.ext.bridge.BridgeOptionsConverter,fromJson,(Ljava/lang/Iterable;Lio/vertx/ext/bridge/BridgeOptions;)V,46
io.vertx.ext.web.codec.BodyCodec,pipe,(Lio/vertx/core/streams/WriteStream;Z)Lio/vertx/ext/web/codec/BodyCodec;,7
io.vertx.ext.web.handler.impl.BodyHandlerImpl,handle,(Lio/vertx/ext/web/RoutingContext;)V,45
io.vertx.ext.web.handler.impl.StaticHandlerImpl,lambda$sendFile$6,(Ljava/lang/String;Lio/vertx/core/http/HttpServerRequest;JJLio/vertx/ext/web/RoutingContext;)Lio/vertx/core/http/HttpServerResponse;,38
io.vertx.ext.web.handler.impl.UserHolder,readFromBuffer,(ILio/vertx/core/buffer/Buffer;)I,53
io.vertx.ext.web.handler.impl.UserHolder,readFromBuffer,(ILio/vertx/core/buffer/Buffer;)I,56
io.vertx.ext.web.handler.impl.UserHolder,readFromBuffer,(ILio/vertx/core/buffer/Buffer;)I,36
io.vertx.ext.web.handler.sockjs.impl.EventBusBridgeImpl,checkAndSend,(ZLjava/lang/String;Ljava/lang/Object;Lio/vertx/core/json/JsonObject;Lio/vertx/ext/web/handler/sockjs/SockJSSocket;Ljava/lang/String;Lio/vertx/core/eventbus/Message;)V,48
io.vertx.ext.web.handler.sockjs.impl.WebSocketTransport,lambda$new$0,(Lio/vertx/core/Vertx;Lio/vertx/core/shareddata/LocalMap;Lio/vertx/ext/web/handler/sockjs/SockJSHandlerOptions;Lio/vertx/core/Handler;Lio/vertx/ext/web/RoutingContext;)V,51
io.vertx.ext.web.handler.sockjs.impl.WebSocketTransport,lambda$new$0,(Lio/vertx/core/Vertx;Lio/vertx/core/shareddata/LocalMap;Lio/vertx/ext/web/handler/sockjs/SockJSHandlerOptions;Lio/vertx/core/Handler;Lio/vertx/ext/web/RoutingContext;)V,51
io.vertx.ext.web.sstore.impl.SharedDataSessionImpl,readDataFromBuffer,(ILio/vertx/core/buffer/Buffer;)I,223
io.vertx.ext.web.sstore.impl.SharedDataSessionImpl,readDataFromBuffer,(ILio/vertx/core/buffer/Buffer;)I,220
io.vertx.ext.web.sstore.impl.SharedDataSessionImpl,readDataFromBuffer,(ILio/vertx/core/buffer/Buffer;)I,200
javax.activation.CommandInfo$Beans,<clinit>,()V,15
javax.enterprise.inject.spi.CDI,findAllProviders,()V,26
javax.enterprise.inject.spi.CDI,findAllProviders,()V,10
javax.ws.rs.client.ClientBuilder,newBuilder,()Ljavax/ws/rs/client/ClientBuilder;,57
javax.ws.rs.client.FactoryFinder,getModuleClassLoader,()Ljava/lang/ClassLoader;,51
javax.ws.rs.client.FactoryFinder,getModuleClassLoader,()Ljava/lang/ClassLoader;,21
javax.ws.rs.client.FactoryFinder,getModuleClassLoader,()Ljava/lang/ClassLoader;,69
javax.ws.rs.client.FactoryFinder,getModuleClassLoader,()Ljava/lang/ClassLoader;,85
javax.ws.rs.client.FactoryFinder,getModuleClassLoader,()Ljava/lang/ClassLoader;,4
javax.ws.rs.client.FactoryFinder,getModuleClassLoader,()Ljava/lang/ClassLoader;,1
javax.ws.rs.client.FactoryFinder,getModuleClassLoader,()Ljava/lang/ClassLoader;,17
javax.ws.rs.client.FactoryFinder,getModuleClassLoader,()Ljava/lang/ClassLoader;,81
javax.ws.rs.client.FactoryFinder,getModuleClassLoader,()Ljava/lang/ClassLoader;,43
javax.ws.rs.client.FactoryFinder,getModuleClassLoader,()Ljava/lang/ClassLoader;,61
javax.ws.rs.client.FactoryFinder,getModuleClassLoader,()Ljava/lang/ClassLoader;,7
javax.ws.rs.core.GenericEntity,<init>,(Ljava/lang/Object;)V,16
javax.ws.rs.ext.FactoryFinder,getModuleClassLoader,()Ljava/lang/ClassLoader;,1
javax.ws.rs.ext.FactoryFinder,getModuleClassLoader,()Ljava/lang/ClassLoader;,17
javax.ws.rs.ext.FactoryFinder,getModuleClassLoader,()Ljava/lang/ClassLoader;,81
javax.ws.rs.ext.FactoryFinder,getModuleClassLoader,()Ljava/lang/ClassLoader;,51
javax.ws.rs.ext.FactoryFinder,getModuleClassLoader,()Ljava/lang/ClassLoader;,21
javax.ws.rs.ext.FactoryFinder,getModuleClassLoader,()Ljava/lang/ClassLoader;,69
javax.ws.rs.ext.FactoryFinder,getModuleClassLoader,()Ljava/lang/ClassLoader;,85
javax.ws.rs.ext.FactoryFinder,getModuleClassLoader,()Ljava/lang/ClassLoader;,4
javax.ws.rs.ext.FactoryFinder,getModuleClassLoader,()Ljava/lang/ClassLoader;,7
javax.ws.rs.ext.FactoryFinder,getModuleClassLoader,()Ljava/lang/ClassLoader;,43
javax.ws.rs.ext.FactoryFinder,getModuleClassLoader,()Ljava/lang/ClassLoader;,61
javax.ws.rs.ext.RuntimeDelegate,findDelegate,()Ljavax/ws/rs/ext/RuntimeDelegate;,43
javax.ws.rs.sse.SseEventSource$Builder,newBuilder,()Ljavax/ws/rs/sse/SseEventSource$Builder;,43
javax.xml.bind.JAXB$Cache,<init>,(Ljava/lang/Class;)V,12
javax.xml.bind.ServiceLoaderUtil,lookupUsingOSGiServiceLoader,(Ljava/lang/String;Ljava/util/logging/Logger;)Ljava/lang/Object;,14
javax.xml.bind.ServiceLoaderUtil,lookupUsingOSGiServiceLoader,(Ljava/lang/String;Ljava/util/logging/Logger;)Ljava/lang/Object;,4
org.graalvm.collections.EconomicMapImpl,<clinit>,()V,1
org.graalvm.nativeimage.impl.ImageSingletonsSupport,<clinit>,()V,1
org.graalvm.polyglot.Engine$1,searchServiceLoader,()Lorg/graalvm/polyglot/impl/AbstractPolyglotImpl;,22
org.graalvm.polyglot.Engine,createInvalidPolyglotImpl,()Lorg/graalvm/polyglot/impl/AbstractPolyglotImpl;,3
org.graalvm.polyglot.Engine,createInvalidPolyglotImpl,()Lorg/graalvm/polyglot/impl/AbstractPolyglotImpl;,3
org.graalvm.polyglot.Engine$1,run,()Lorg/graalvm/polyglot/impl/AbstractPolyglotImpl;,70
org.graalvm.polyglot.Engine$1,run,()Lorg/graalvm/polyglot/impl/AbstractPolyglotImpl;,70
org.graalvm.polyglot.io.IOHelper,initImpl,()Lorg/graalvm/polyglot/impl/AbstractPolyglotImpl;,20
org.graalvm.polyglot.io.IOHelper,initImpl,()Lorg/graalvm/polyglot/impl/AbstractPolyglotImpl;,20
org.graalvm.polyglot.management.Management,initImpl,()Lorg/graalvm/polyglot/impl/AbstractPolyglotImpl$AbstractManagementImpl;,20
org.graalvm.polyglot.management.Management,initImpl,()Lorg/graalvm/polyglot/impl/AbstractPolyglotImpl$AbstractManagementImpl;,20
org.graalvm.polyglot.io.ByteArraySequence,<clinit>,()V,1
org.graalvm.polyglot.io.IOHelper,initImpl,()Lorg/graalvm/polyglot/impl/AbstractPolyglotImpl;,13
org.graalvm.polyglot.io.IOHelper,initImpl,()Lorg/graalvm/polyglot/impl/AbstractPolyglotImpl;,8
org.graalvm.polyglot.management.Management,initImpl,()Lorg/graalvm/polyglot/impl/AbstractPolyglotImpl$AbstractManagementImpl;,13
org.graalvm.polyglot.management.Management,initImpl,()Lorg/graalvm/polyglot/impl/AbstractPolyglotImpl$AbstractManagementImpl;,8
org.jboss.resteasy.core.MediaTypeMap$SubtypeMap,copy,(Ljava/util/Map;)Ljava/util/Map;,8
io.quarkus.resteasy.runtime.standalone.VertxRequestHandler,dispatch,(Lio/vertx/ext/web/RoutingContext;Ljava/io/InputStream;Lio/quarkus/resteasy/runtime/standalone/VertxOutput;)V,129
org.jboss.resteasy.core.messagebody.ReaderUtility,doRead,(Ljava/lang/Class;Ljava/lang/reflect/Type;Ljavax/ws/rs/core/MediaType;[Ljava/lang/annotation/Annotation;Ljavax/ws/rs/core/MultivaluedMap;Ljava/io/InputStream;)Ljava/lang/Object;,21
org.jboss.resteasy.core.messagebody.ReaderUtility,doRead,(Ljava/lang/Class;Ljava/lang/reflect/Type;Ljavax/ws/rs/core/MediaType;[Ljava/lang/annotation/Annotation;Ljavax/ws/rs/core/MultivaluedMap;Ljava/io/InputStream;)Ljava/lang/Object;,21
org.jboss.resteasy.core.messagebody.ReaderUtility,doRead,(Ljava/lang/Class;Ljava/lang/reflect/Type;Ljavax/ws/rs/core/MediaType;[Ljava/lang/annotation/Annotation;Ljavax/ws/rs/core/MultivaluedMap;Ljava/io/InputStream;)Ljava/lang/Object;,21
org.jboss.resteasy.specimpl.BuiltResponse,readFrom,(Ljava/lang/Class;Ljava/lang/reflect/Type;Ljavax/ws/rs/core/MediaType;[Ljava/lang/annotation/Annotation;)Ljava/lang/Object;,85
org.jboss.resteasy.core.interception.jaxrs.DecoratorMatcher,decorate,(Ljava/lang/Class;Ljava/lang/Object;Ljava/lang/Class;[Ljava/lang/annotation/Annotation;Ljavax/ws/rs/core/MediaType;)Ljava/lang/Object;,41
org.jboss.resteasy.core.interception.jaxrs.DecoratorMatcher,decorate,(Ljava/lang/Class;Ljava/lang/Object;Ljava/lang/Class;[Ljava/lang/annotation/Annotation;Ljavax/ws/rs/core/MediaType;)Ljava/lang/Object;,71
org.jboss.resteasy.core.interception.jaxrs.JaxrsInterceptorRegistryImpl,getNonSyntheticClass,(Ljava/lang/Class;)Ljava/lang/Class;,1
org.jboss.resteasy.core.interception.jaxrs.JaxrsInterceptorRegistryImpl,getNonSyntheticClass,(Ljava/lang/Class;)Ljava/lang/Class;,4
org.jboss.resteasy.core.providerfactory.ResteasyProviderFactoryImpl,getContextResolvers,(Ljava/lang/Class;Ljavax/ws/rs/core/MediaType;)Ljava/util/List;,25
org.jboss.resteasy.microprofile.config.FilterConfigSource,<clinit>,()V,3
org.jboss.resteasy.microprofile.config.ServletConfigSource,<clinit>,()V,3
org.jboss.resteasy.microprofile.config.ServletContextConfigSource,<clinit>,()V,3
org.jboss.resteasy.plugins.providers.FileRangeWriter,asyncWriteTo,(Lorg/jboss/resteasy/plugins/providers/FileRange;Ljava/lang/Class;Ljava/lang/reflect/Type;[Ljava/lang/annotation/Annotation;Ljavax/ws/rs/core/MediaType;Ljavax/ws/rs/core/MultivaluedMap;Lorg/jboss/resteasy/spi/AsyncOutputStream;)Ljava/util/concurrent/CompletionStage;,67
org.jboss.resteasy.core.ResourceMethodRegistry,addPerRequestResource,(Lorg/jboss/resteasy/spi/metadata/ResourceClass;)V,15
org.jboss.resteasy.spi.ResteasyProviderFactory,newInstance,()Lorg/jboss/resteasy/spi/ResteasyProviderFactory;,26
org.jboss.resteasy.spi.ResteasyProviderFactory,newInstance,()Lorg/jboss/resteasy/spi/ResteasyProviderFactory;,29
org.jboss.resteasy.spi.metadata.ResourceBuilder,processFields,(Lorg/jboss/resteasy/spi/metadata/ResourceBuilder$ResourceClassBuilder;Ljava/lang/Class;)V,5
org.jboss.resteasy.tracing.RESTEasyTracingLogger$TRACING,<clinit>,()V,1
org.jboss.resteasy.util.TypeConverter,getType,(Ljava/lang/Class;Ljava/lang/String;)Ljava/lang/Object;,71
org.jboss.threads.JBossExecutors$5,run,()Lsun/misc/Unsafe;,9
org.slf4j.LoggerFactory,getLogger,(Ljava/lang/Class;)Lorg/slf4j/Logger;,25
org.slf4j.LoggerFactory,replayEvents,()V,34
org.wildfly.common.lock.JDKSpecific$1,run,()Lsun/misc/Unsafe;,9
org.wildfly.common.ref.References$ReaperThread,<clinit>,()V,10
